Q5598	2	4254144	Rembrandt	14	0.21363636363636362	1	[1;2;4;3;300;2000]	[]	[1]	[1]	[1;2]
Q7489	3	1159465	Emperor_Gaozong_of_Song	89	0.16818181818181818	1	[2]	[2]	[2]	[2]	[2]
Q7243	6	18622119	Leo_Tolstoy	7	0.03636363636363636	1	[1;2;61;13]	[]	[1]	[1;2]	[1;2]
Q38757	3	24956001	Bertolt_Brecht	37	0.16818181818181818	1	[1;2;3]	[1]	[1]	[1]	[1;2;3]
Q2567	4	338909	Richard_von_Weizs%C3%A4cker	49	0.10909090909090909	1	[1;2;3;4;9]	[]	[1]	[1]	[1;2;3;4]
Q13909	3	5792809	Angelina_Jolie	44	0.16818181818181818	1	[1;2;3;4;6;16;5;10;20;100]	[]	[]	[]	[1;2;3]
Q7486	69	613559	Emperor_Huizong_of_Song	22	0.004545454545454545	1	[1;2]	[]	[1]	[1;2]	[1;2]
Q1339	20	9906294	Johann_Sebastian_Bach	1	0.004545454545454545	1	[1;6;2;3;4;5;12;24;200;13;18;300;49;81;231]	[]	[]	[1]	[1;6;2;3]
Q2831	3	14995351	Michael_Jackson	72	0.16818181818181818	1	[1;2;5;100;3;10;4;7;13;25;8;20;26;20000000;200;30000000;1000000;6;9;14;40;50;200000;80;350000000]	[]	[]	[]	[1;2;5]
Q5679	3	17566665	Lord_Byron	68	0.16818181818181818	1	[1;2;5;6;8;10;17;3;36;37;12]	[]	[1;2]	[1;2]	[1;2]
Q307	2	29688374	Galileo_Galilei	66	0.21363636363636362	1	[1;2;3;4;5;8]	[]	[1;2]	[1;2]	[1;2;3]
Q76	2	534366	Barack_Obama	25	0.21363636363636362	1	[1;2;4;3;6;10;5;7;40]	[]	[]	[]	[1;2]
Q93343	1	20502020	Percy_Bysshe_Shelley	77	0.3	1	[1;3;2;16;4;12]	[]	[1;3]	[1;3;2]	[1;3;2]
Q17790	44	256180	Kangxi_Emperor	64	0.004545454545454545	1	[3;1;8;7;4]	[]	[]	[3;1;8]	[3;1;8;7]
Q22686	5	4848272	Donald_Trump	63	0.05909090909090909	1	[2;1;3;4;6;18;5;7;10;11;12;14;15;16;23;40]	[]	[]	[]	[2;1;3]
Q1035	8	8145410	Charles_Darwin	18	0.02727272727272727	1	[1;2;3;10]	[]	[1]	[1;2]	[1;2;3]
Q19133	28	265949	Qianlong_Emperor	105	0.004545454545454545	1	[2;1;8;3;5;6;1000]	[]	[]	[]	[2;1]
Q9554	6	7567080	Martin_Luther	32	0.03636363636363636	1	[1;2;10;4;3;7;12;25;6;8;14;15;26;32;46;62]	[]	[1]	[1]	[1;2;10]
Q34424	1	6479315	Shakira	19	0.3	1	[1;2;3;5;40;8;200;100;4;6;7;10;20;1000000;5000000;15;2000000;4000000]	[]	[]	[1]	[1;2]
Q8023	5	21492751	Nelson_Mandela	90	0.05909090909090909	1	[1;2;4;3;7;9;11;3000000;6;8;17;20;2000000;100000;103;250]	[]	[]	[1]	[1;2]
Q5879	1	19242322	Johann_Wolfgang_von_Goethe	2	0.3	1	[1;2;4]	[1]	[1]	[1;2]	[1;2;4]
Q42775	7	11983070	Johnny_Cash	99	0.00909090909090909	1	[1;2;3;4;5;100;7;9;20]	[]	[1]	[1]	[1;2]
Q1192	3	23474985	Jean-Baptiste_Lully	103	0.16818181818181818	1	[1;3;2;5]	[]	[1]	[1;3;2]	[1;3;2;5]
Q9746	54	637134	Emperor_Xuanzong_of_Tang	70	0.004545454545454545	1	[2;1;3;716;747;751;711;712;714;726;733;742;755;757;5;10;685;690;705;200000;710;713;720;721;724;736;752;754;762]	[]	[]	[]	[2]
Q9696	3	5119376	John_F._Kennedy	42	0.16818181818181818	1	[2;1;3;4;1000;6;10;14;263;5000;20;30;200000;243]	[]	[2]	[2]	[2;1;3]
Q392	2	4637590	Bob_Dylan	88	0.21363636363636362	1	[1;2;3;4;7;100;10;5;6;9;12;35;40;61;200;5000;2000000;30;50]	[]	[1]	[1]	[1;2;3]
Q1276	1	19965375	Leonard_Cohen	55	0.3	1	[1;2;3;10;4;15;6;7;1500]	[]	[1]	[1]	[1;2;3;10]
Q35610	3	18951335	Arthur_Conan_Doyle	80	0.16818181818181818	1	[2;1;5;3;4;9]	[]	[2;1]	[2;1]	[2;1;5]
Q25310	11	21131695	Robert_F._Kennedy	86	0.013636363636363636	1	[2;1;4;3;10;5]	[]	[2]	[2;1]	[2;1]
Q6294	1	5043192	Hillary_Clinton	83	0.3	1	[1;2;3;100;92;4;9;6;8;20;5;7;10;14;30;30000;62;17000000;75;79;80;232]	[]	[]	[1]	[1;2]
Q9761	38	3107064	Emperor_Xianzong_of_Tang	116	0.004545454545454545	1	[805;2;806;820;1;812;3;5;6;778;809;813;814;817;819]	[]	[]	[]	[805;2;806]
Q83326	2	4527	B%C3%A9la_Bart%C3%B3k	82	0.21363636363636362	1	[1;2;3;8;6;14;5;7;10;12;16;28;35]	[]	[1]	[1]	[1;2]
Q1744	4	142056	Madonna_%28entertainer%29	35	0.10909090909090909	1	[1;2;100;3;200;5;8;10;4;4000000;6;7;20;37;46;300000000;360;64500000]	[]	[]	[1]	[1;2;100]
Q9701	35	207992	Emperor_Taizong_of_Tang	41	0.004545454545454545	1	[1;2;649;619;640;643;644;645;6;618;626;634;636;641;642;3;648;620;635;638;639;4;24;50000;598;617;621;622;623;627;628;630;631;632]	[]	[]	[]	[]
Q47152	1	27885687	Mary_Shelley	130	0.3	1	[1;2;3;4;53]	[1]	[1]	[1;2]	[1;2]
Q991	1	11625	Fyodor_Dostoyevsky	74	0.3	1	[1;2;3;4;100;15;17;170;3000]	[]	[1]	[1]	[1;2]
Q42	1	8091	Douglas_Adams	85	0.3	1	[1;2;4;3;5;6;42;9;10;12]	[]	[1]	[1;2]	[1;2;4]
Q23685	2	15992	Jimmy_Carter	129	0.21363636363636362	1	[1;2;3;7;23;8;150]	[]	[]	[1;2]	[1;2;3]
Q7351	2	44887	Robert_Schumann	109	0.21363636363636362	1	[1;2;4;3;5;7;6;9;16;17]	[]	[1]	[1]	[1]
Q34969	3	3986	Benjamin_Franklin	38	0.16818181818181818	1	[1;2;3;4;17;5;6;7;13;10;100]	[]	[1]	[1;2]	[1;2]
Q33866	6	30535	Theodore_Roosevelt	93	0.03636363636363636	1	[1;2;4;3;5;18;1000;7;8;12;20;150;44;56;200]	[]	[]	[1]	[1;2]
Q2038	3	37998	Fran%C3%A7ois_Mitterrand	96	0.16818181818181818	1	[2;1;3;4;7;110;60;800000;30000]	[]	[]	[2;1]	[2;1;3]
Q192069	1	10258	Enid_Blyton	26	0.3	1	[5;7;4;2;1;3;6;10000;8;12;6000;50]	[]	[5]	[5]	[5;7;4]
Q11758	3	18100	L._L._Zamenhof	91	0.16818181818181818	1	[1]	[1]	[1]	[1]	[1]
Q1203	2	15852	John_Lennon	76	0.21363636363636362	1	[1;2;100;10;3;4;14;25;5;8;16;14000000]	[]	[1]	[1;2]	[1;2;100]
Q9235	1	12598	Georg_Wilhelm_Friedrich_Hegel	78	0.3	1	[3;1;2;258]	[]	[3]	[3;1;2]	[3;1;2]
Q9021	1	19848	Max_Planck	51	0.3	1	[1;2;4]	[]	[]	[1]	[1;2;4]
Q25351	1	85762	Theodor_Mommsen	126	0.3	1	[1;2;3;5;16]	[]	[1]	[1]	[1;2;3;5;16]
Q11256	2	38301	Fidel_Castro	122	0.21363636363636362	1	[1;2;3;4;19;20000;5;6;14;15;10000;1200;200]	[]	[]	[1]	[1;2]
Q9749	21	1932594	Emperor_Suzong_of_Tang	141	0.004545454545454545	1	[1;762;756;711;746;747;760;2;3;736;737;738;757]	[]	[]	[1]	[1;762]
Q1067	3	8169	Dante_Alighieri	12	0.16818181818181818	1	[1;3;2;9;76;18]	[]	[1]	[1]	[1;3]
Q5809	1	13623554	Che_Guevara	140	0.3	1	[1;2;5;6;100;3;100000;4;12;1000000;22]	[]	[1]	[1;2]	[1;2]
Q9204	1	5813	C._S._Lewis	53	0.3	1	[1;2;4;7;9]	[]	[1;2]	[1;2]	[1;2]
Q5593	4	24176	Pablo_Picasso	75	0.10909090909090909	1	[1;2;3;4]	[]	[1;2]	[1;2]	[1;2]
Q2492	1	16634	Konrad_Adenauer	48	0.3	2	[1;2;7;3;4;5]	[]	[1]	[1;2]	[1;2;7]
Q80135	1	8520	Dmitri_Shostakovich	138	0.3	2	[1;2;3;4;6;15;67]	[]	[1;2]	[1;2]	[1;2;3]
Q5383	1	8786	David_Bowie	57	0.3	1	[1;3;2;5;100;4;9;10;40;6;7;8;1000000;11;14;15;20;140000000;25;29]	[]	[]	[1]	[1;3;2]
Q83158	1	15837	Jean_Cocteau	100	0.3	2	[1;6]	[1]	[1]	[1;6]	[1;6]
Q7724	2	49645	August_Strindberg	124	0.21363636363636362	2	[1;2;3;6;7;4;5]	[]	[1]	[1;2]	[1;2]
Q1043	2	5233	Carl_Linnaeus	52	0.21363636363636362	2	[1;2;3;4;24;100;6;17]	[]	[1]	[1]	[1;2]
Q855	3	15641	Joseph_Stalin	127	0.16818181818181818	2	[1;2;7;1000000;4;4000000;3;5000000;10000000;5;15;16;20000000;1500000;8000000;6;8;10;12;33;350000;14000000;100;11000000;1700000;9000000;6000000]	[]	[]	[]	[1]
Q46096	2	76370	Felix_Mendelssohn	46	0.21363636363636362	2	[1;2;4;3;5;6;7;12;14;15;9;10;11;17;35;113]	[]	[]	[1]	[1;2;4]
Q317839	11	265950	Yongzheng_Emperor	151	0.013636363636363636	2	[2;1;14]	[]	[]	[]	[2;1;14]
Q9916	2	8182	Dwight_D._Eisenhower	36	0.21363636363636362	2	[1;2;3;5;4;70;7;8;15000;43;45]	[]	[1]	[1;2]	[1;2]
Q517	5	69880	Napoleon	28	0.05909090909090909	2	[2;1;13;18;24;1000;3000000;150000;500;3;5;6;26;40;300;3600000;40000;13000;2000;100;1500000;1400]	[]	[]	[2;1]	[2;1]
Q23559	6	19283178	Benito_Mussolini	154	0.03636363636363636	2	[1;2;3;200;5000;8;15;18;60000000;4000;500]	[]	[]	[1]	[1;2]
Q535	4	42146	Victor_Hugo	15	0.10909090909090909	2	[1;2;3;5;93]	[]	[1]	[1]	[1]
Q35064	1	984	Agatha_Christie	3	0.3	2	[1;2;3;4;5;6;85;25;30;103]	[]	[1]	[1]	[1;2;3]
Q207	2	3414021	George_W._Bush	150	0.21363636363636362	2	[1;2;3;4;7;266;12;60;6000000]	[]	[]	[1]	[1]
Q7488	4	1157685	Emperor_Qinzong	160	0.10909090909090909	2	[2]	[2]	[2]	[2]	[2]
Q23505	5	11955	George_H._W._Bush	133	0.05909090909090909	2	[1;2;4;3;6;1000;10;11;2000;794;41]	[]	[]	[1;2]	[1;2]
Q7546	8	14626	Ingmar_Bergman	113	0.02727272727272727	2	[1;2;3;9;5]	[]	[1]	[1;2]	[1;2;3]
Q7186	2	20408	Marie_Curie	117	0.21363636363636362	2	[2;1;3;4;66]	[]	[2]	[2;1]	[2;1]
Q7085	4	21210	Niels_Bohr	84	0.10909090909090909	2	[1;2;3;72]	[1]	[1]	[1;2]	[1;2;3;72]
Q34743	2	26308	Rudyard_Kipling	87	0.21363636363636362	2	[1;2;3;4;7;6;8;89;50]	[]	[1]	[1;2]	[1;2;3]
Q9582	4	5030380	Gerald_Ford	159	0.10909090909090909	2	[1;2;3;9;50;4;25]	[]	[1]	[1]	[1;2;3]
Q41309	3	67379	Franz_Liszt	16	0.16818181818181818	2	[1;2;3;6;4;9;12;4000;100;36;40;50]	[]	[]	[1;2]	[1;2;3]
Q2042	3	51255	Charles_de_Gaulle	60	0.16818181818181818	2	[1;2;3;5;700;4;6;22;24;800;44;67;100;150000]	[]	[1]	[1;2]	[1;2;3]
Q1124	1	3356	Bill_Clinton	92	0.3	2	[1;2;3;4;18]	[]	[]	[1;2]	[1;2]
Q8007	5	10979	Franklin_D._Roosevelt	131	0.05909090909090909	2	[1;2;4;6;10;8;9;38;50;3;5;7;29;2000000;37;48;8802;3400000]	[]	[]	[1;2]	[1;2]
Q8027	4	20076	Martin_Luther_King_Jr.	162	0.10909090909090909	2	[1;6;3;2;4;13;15;1000000;306;50;26]	[1]	[1]	[1]	[1;6]
Q6882	1	15600	James_Joyce	94	0.3	2	[1;2;3;5;6;10;500]	[]	[1]	[1;2]	[1;2;3]
Q33760	1	4163	Bertrand_Russell	65	0.3	2	[1;2;18;24;89]	[1]	[1]	[1]	[1]
Q892	2	15872	J._R._R._Tolkien	67	0.21363636363636362	2	[1;2;3;4;12;20]	[]	[1]	[1;2]	[1;2;3]
Q12665	2	60845	Robert_Baden-Powell%2C_1st_Baron_Baden-Powell	29	0.21363636363636362	2	[1;3;2;6]	[]	[1]	[1]	[1;3]
Q504	2	44980	%C3%89mile_Zola	107	0.21363636363636362	2	[2;20;3;4]	[]	[2]	[2;20]	[2;20;3;4]
Q11812	4	29922	Thomas_Jefferson	47	0.10909090909090909	2	[1;3;2;5;4;7;68;9;10;13;14;16;33]	[]	[]	[1]	[1;3]
Q7245	3	154450	Mark_Twain	33	0.16818181818181818	2	[1;2;3;4;71;11]	[]	[1]	[1;2]	[1;2;3]
Q2514	3	49260	Willy_Brandt	62	0.16818181818181818	2	[1;2;3;100;25;9000;50;60;63;65;2500000;10;18;21;300;62;17000000;1000000;2400]	[]	[]	[1]	[1]
Q9191	1	25525	Ren%C3%A9_Descartes	111	0.3	2	[1;2;3;4;42]	[]	[1]	[1;2;3]	[1;2;3;4]
Q254	2	33163	Wolfgang_Amadeus_Mozart	0	0.21363636363636362	2	[3;2;1;4;5;40;6;7;41]	[]	[]	[]	[3;2;1]
Q882	8	5142	Charlie_Chaplin	56	0.02727272727272727	2	[1;2;3;8;14;4;5;6;9;10;100;35;50]	[]	[1]	[1]	[1;2]
Q4700	1	6260	Claude_Debussy	31	0.3	2	[1;2;3;10]	[1]	[1]	[1]	[1;2]
Q9711	1	42368	Honor%C3%A9_de_Balzac	106	0.3	2	[1;2;3;100;4;50;20]	[]	[1]	[1]	[1;2]
Q91	4	307	Abraham_Lincoln	4	0.10909090909090909	2	[1;2;3;4;6;10;13;5;7;20]	[]	[]	[1]	[1;2;3]
Q76428	1	58237	Carl_Philipp_Emanuel_Bach	97	0.3	2	[1;3;6;4;2;21;30;50]	[]	[]	[]	[1;3;6]
Q3816	1	52592	George_Sand	135	0.3	2	[1;2]	[]	[1]	[1;2]	[1;2]
Q25973	1	13578	Hermann_Hesse	101	0.3	2	[1;4;2]	[]	[1]	[1;4]	[1;4;2]
Q160852	4	33954	William_Ewart_Gladstone	120	0.10909090909090909	2	[1;2;3;32000;4;82;85;88;419]	[1]	[1]	[1]	[1;2]
Q310791	3	303688	Jules_Michelet	187	0.16818181818181818	2	[1;2;3]	[1]	[1]	[1;2;3]	[1;2;3]
Q25161	3	55490	Roald_Dahl	112	0.16818181818181818	2	[1;4;5;2;3;80;100;6;7;8;14;22;250000000;50;60]	[]	[1]	[1]	[1;4]
Q409	8	8239846	Bob_Marley	188	0.02727272727272727	2	[1;2;4;3;9;12;56;36;6;7]	[]	[]	[1]	[1;2;4]
Q9682	4	12153654	Elizabeth_II	186	0.10909090909090909	2	[2;1;3;5]	[]	[2]	[2;1]	[2;1;3;5]
Q1541	2	6046	Cicero	115	0.21363636363636362	2	[1;2;5;37]	[]	[1]	[1;2]	[1;2]
Q36591	1	32442	Vladimir_Nabokov	61	0.3	2	[1;2;3;4;5;6;45]	[]	[]	[]	[1;2;3]
Q122972	1	18023	Louis_Agassiz	192	0.3	2	[2;1;4;45]	[]	[2]	[2;1]	[2;1;4]
Q303	1	9288	Elvis_Presley	114	0.3	2	[1;2;3;10;4;5;6;100;8;13;15;18;20;40;1000000;7;14;17;21;28;36]	[]	[1]	[1;2]	[1;2;3]
Q324539	1	543969	Sam_Sheppard	200	0.3	2	[2]	[2]	[2]	[2]	[2]
Q3288389	1	3055932	Tracie_Savage	202	0.3	3	[]	[]	[]	[]	[]
Q1301476	3	1318924	Sunil_Mittal	203	0.16818181818181818	3	[1;18]	[]	[1]	[1;18]	[1;18]
Q152880	1	158366	Iannis_Xenakis	179	0.3	3	[1;54;58]	[]	[1]	[1;54]	[1;54;58]
Q83233	2	16252	Jacques_Cousteau	177	0.21363636363636362	3	[2;1;300000]	[]	[2]	[2;1]	[2;1]
Q454245	2	12438594	Alan_Kelly_(politician)	204	0.21363636363636362	3	[]	[]	[]	[]	[]
Q2599	5	13736167	Paul_McCartney	191	0.05909090909090909	2	[1;2;3;5;4;8;10;17;20;100;7;5000000;2200;30;32;43;64;500;100000000]	[]	[1]	[1;2]	[1;2]
Q2685	5	1806	Arnold_Schwarzenegger	125	0.05909090909090909	2	[1;2;3;15;4;6;7;5;23;66;13;14;20]	[]	[1]	[1;2]	[1;2;3]
Q9061	3	16743	Karl_Marx	69	0.16818181818181818	3	[1;2;3;9;30]	[1]	[1]	[1]	[1;2;3]
Q13575319	6	25069694	William_Jasper_Kerr	205	0.03636363636363636	3	[]	[]	[]	[]	[]
Q151164	1	42691	Andr%C3%A9_Malraux	71	0.3	3	[1;2;3;540]	[]	[1]	[1;2]	[1;2;3;540]
Q5682	1	19444	Miguel_de_Cervantes	50	0.3	3	[1;2;8;4;3;15]	[]	[1]	[1;2]	[1;2;8;4]
Q81082	1	48740	Henri_Poincar%C3%A9	147	0.3	3	[1;2;3]	[]	[1;2]	[1;2]	[1;2;3]
Q6779107	11	16486507	Mary_Bradbury	209	0.013636363636363636	3	[1;85]	[]	[1]	[1;85]	[1;85]
Q1894411	8	25664966	Marcus_Wallenberg_(born_1956)	201	0.02727272727272727	3	[]	[]	[]	[]	[]
Q687	1	51465	Moli%C3%A8re	30	0.3	3	[1;2;5]	[]	[1;2]	[1;2]	[1;2]
Q4709994	2	32411603	Albert_D._Bosson	207	0.21363636363636362	3	[]	[]	[]	[]	[]
Q7072169	2	33115311	O._S._Manian	206	0.21363636363636362	3	[]	[]	[]	[]	[]
Q7314	1	38172	Igor_Stravinsky	23	0.3	3	[3;2;1;4;5;40;8;88;57]	[]	[3]	[3;2;1]	[3;2;1;4]
Q7383878	4	5384883	Ryan_Bennett_(sportscaster)	213	0.10909090909090909	3	[5;6;1;4]	[]	[]	[5;6]	[5;6;1;4]
Q2442673	5	1387368	Tony_Killeen	208	0.05909090909090909	3	[]	[]	[]	[]	[]
Q12958427	2	44091709	Mihael_ZmajloviÄ‡	211	0.21363636363636362	3	[]	[]	[]	[]	[]
Q93284	1	63135	Marc_Chagall	98	0.3	3	[1;12;2;3;40;4;5;7;13;21]	[]	[1]	[1]	[1;12]
Q213355	3	59378	John_Dryden	104	0.16818181818181818	3	[3;2;1;43]	[]	[]	[3;2]	[3;2;1;43]
Q8442	2	22416	Otto_von_Bismarck	161	0.21363636363636362	3	[1;2;3;75;21]	[]	[1]	[1;2;3]	[1;2;3]
Q5085069	3	25574817	Charlie_Jacobs	217	0.16818181818181818	3	[1;2;3;40]	[]	[1]	[1;2;3;40]	[1;2;3;40]
Q83155	4	9072	Jacques-Louis_David	121	0.10909090909090909	3	[1;3;2]	[1]	[1]	[1;3]	[1;3;2]
Q5446263	2	31970362	Fiach_Mac_Conghail	214	0.21363636363636362	3	[]	[]	[]	[]	[]
Q4755023	3	1206694	Andrea_Coote	215	0.16818181818181818	3	[1]	[1]	[1]	[1]	[1]
Q37030	6	30085	Thomas_Mann	17	0.03636363636363636	3	[1;3;6]	[1]	[1]	[1;3;6]	[1;3;6]
Q4719471	5	2553780	Alexander_MacEwen	212	0.05909090909090909	3	[]	[]	[]	[]	[]
Q5524863	5	2190442	Gary_Cohen	210	0.05909090909090909	3	[7;5]	[]	[7]	[7;5]	[7;5]
Q81447	1	628	Aldous_Huxley	39	0.3	3	[1]	[]	[1]	[1]	[1]
Q55796	4	167975	Peter_Ustinov	118	0.10909090909090909	3	[1;3;2;4;13]	[]	[1;3]	[1;3;2]	[1;3;2;4;13]
Q3115393	1	20287561	Grant_Haskin	218	0.3	3	[]	[]	[]	[]	[]
Q7747	2	32817	Vladimir_Putin	165	0.21363636363636362	3	[1;3;2;4;7;14;80;89]	[]	[1]	[1]	[1;3]
Q15052269	3	40117306	Benjamin_B._Wagner	216	0.16818181818181818	3	[]	[]	[]	[]	[]
Q127417	1	48596	Douglas_MacArthur	183	0.3	3	[1;3;2;5;4;9;6;7;5000;13;25;50;53;12000;100;1000]	[]	[]	[1]	[1;3;2]
Q7833	2	82413	Boris_Vian	13	0.21363636363636362	3	[1;2]	[]	[1;2]	[1;2]	[1;2]
Q121033	2	3659271	Urs_Schwarzenbach	219	0.21363636363636362	3	[2;4]	[]	[]	[2;4]	[2;4]
Q692	3	32897	William_Shakespeare	5	0.16818181818181818	3	[2;1;3;4;18;36;38;154]	[]	[2]	[2;1;3]	[2;1;3]
Q82409	3	29408	Samuel_Taylor_Coleridge	136	0.16818181818181818	3	[1;2;3;5;8;10]	[]	[1]	[1;2]	[1;2;3;5]
Q4612	1	145325	Marlene_Dietrich	79	0.3	3	[1;2;3;4]	[]	[1;2]	[1;2]	[1;2]
Q69339	1	21787	Nathaniel_Hawthorne	143	0.3	3	[1;7;2;3]	[1]	[1]	[1;7]	[1;7;2;3]
Q937	3	736	Albert_Einstein	6	0.16818181818181818	3	[1;2;4;5;6;300;76;30000;17;150]	[]	[1]	[1;2]	[1;2]
Q5686	10	5884	Charles_Dickens	10	0.004545454545454545	3	[1;2;3;100;4;5;7;12;15;20;41;48]	[]	[1]	[1;2]	[1;2]
Q1511	3	25452	Richard_Wagner	9	0.16818181818181818	3	[2;3;1;4;15;18]	[]	[]	[2;3;1]	[2;3;1]
Q9960	4	25433	Ronald_Reagan	81	0.10909090909090909	3	[1;2;4;7;5;6;14;49;3;19;33;290;42;50;60;83;90;100]	[]	[]	[1]	[1;2]
Q7742	16	18553	Louis_XIV_of_France	158	0.004545454545454545	3	[1;2;3;4;6;55000000;80;300]	[]	[1]	[1]	[1;2;3]
Q296	2	6548	Claude_Monet	164	0.21363636363636362	3	[2;1;3;4;35;6;7;10;20]	[]	[]	[2]	[2]
Q7322	2	5635	Christopher_Columbus	108	0.21363636363636362	3	[1;2;3;4;6;500;10;250000;39]	[]	[]	[1]	[1;2;3]
Q218679	1	6928	Colette	172	0.3	3	[4;1;2;3]	[]	[4]	[4;1;2;3]	[4;1;2;3]
Q154556	2	17268	Karlheinz_Stockhausen	148	0.21363636363636362	3	[1;2;4;3;7;6;67;5;8;75;13;21;60;70;10;77;56;57]	[]	[]	[1]	[1;2;4;3]
Q9161	1	16567	Josip_Broz_Tito	197	0.3	3	[1;2;6;3;5;14;80;18;4;20;727;92;32;98;59]	[]	[1]	[1]	[1;2]
Q30875	2	22614	Oscar_Wilde	27	0.21363636363636362	3	[1;2;3;4;16;7;9]	[]	[1;2]	[1;2]	[1;2]
Q9588	2	25473	Richard_Nixon	153	0.21363636363636362	3	[1;2;3;4;5;10;11;100;300]	[]	[1]	[1;2]	[1;2]
Q171411	9	22680	Oda_Nobunaga	171	0.004545454545454545	3	[1;2;3]	[1]	[1;2]	[1;2;3]	[1;2;3]
Q40912	4	11181	Frank_Sinatra	139	0.10909090909090909	3	[1;2;3;4;10;5;6;7;12;16;17;36;44;100]	[]	[1]	[1]	[1;2]
Q154770	5	67025	Arnold_Schoenberg	21	0.05909090909090909	4	[1;13;2;3;6;12;5;15;42;4;10;21;47]	[]	[]	[1]	[1;13]
Q33977	1	15770	Jules_Verne	45	0.3	4	[2;1;20;3;4;5;6;11]	[]	[2]	[2;1]	[2;1]
Q45682	2	49644	Jean_Sibelius	58	0.21363636363636362	4	[1;2;3;4;7;6;100;5;13;16;91]	[]	[1]	[1]	[1;2]
Q410	3	6824	Carl_Sagan	145	0.16818181818181818	4	[1;2;3;5;6;7;500000000;13;600;60;62]	[]	[1]	[1;2]	[1;2]
Q8704	1	32917	Walt_Disney	163	0.3	4	[1;2;4;7;3;6;22;59]	[]	[]	[1]	[1;2;4;7]
Q180962	4	189774	Norman_Mailer	73	0.10909090909090909	4	[1;2;5;7;29]	[]	[1]	[1;2]	[1;2]
Q152384	1	63093	Joan_Mir%C3%B3	102	0.3	4	[1;2;4;23;25]	[]	[1]	[1;2]	[1;2]
Q1001	4	19379	Mahatma_Gandhi	59	0.10909090909090909	4	[1;2;3;4;10;25;100]	[]	[1]	[1;2]	[1;2;3]
Q9215	2	26743	Sigmund_Freud	34	0.21363636363636362	4	[1;3;2;5;4;17;24]	[1]	[1]	[1;3]	[1;3]
Q7200	3	52790	Alexander_Pushkin	40	0.16818181818181818	4	[1;2;15]	[]	[1;2]	[1;2;15]	[1;2;15]
Q167654	6	46089	Frans_Hals	166	0.03636363636363636	4	[1;3;5]	[]	[1]	[1;3]	[1;3;5]
Q2516	1	41901	Helmut_Schmidt	144	0.3	4	[1;2;4;3]	[]	[]	[1;2]	[1;2;4]
Q45546	1	33925	William_Wordsworth	155	0.3	4	[1;2;3;99;5]	[]	[1;2]	[1;2;3]	[1;2;3;99;5]
Q25089	4	32901	Woody_Allen	198	0.10909090909090909	4	[1;2;3;4;100;13;453;7;8;10;15;17]	[]	[]	[1;2]	[1;2;3;4]
Q42544	4	30479	Thomas_More	95	0.10909090909090909	4	[1;2]	[1]	[1]	[1;2]	[1;2]
Q318462	1	10393	Edward_Bulwer-Lytton	170	0.3	4	[2]	[2]	[2]	[2]	[2]
Q36107	4	63747	Muhammad_Ali	123	0.10909090909090909	4	[1;2;3;4;7;6;5;12;15;8;10000;19;22]	[]	[1]	[1;2]	[1;2]
Q80596	1	2310	Arthur_Miller	184	0.3	4	[1;3;2;4]	[1]	[1]	[1]	[1;3;2]
Q43203	5	43373	Clint_Eastwood	190	0.05909090909090909	4	[1;2;3;4;5;6;10;74;29;30]	[]	[1]	[1;2]	[1;2]
Q184226	1	12557	Gilles_Deleuze	174	0.3	4	[1;2]	[1;2]	[1;2]	[1;2]	[1;2]
Q47595	12	66789	Alfonso_X_of_Castile	175	0.004545454545454545	4	[1]	[1]	[1]	[1]	[1]
Q5284	3	3747	Bill_Gates	169	0.16818181818181818	4	[1;4;2;3;100;8800;400;50]	[]	[1]	[1]	[1;4;2;3;100]
Q23	2	11968	George_Washington	20	0.21363636363636362	4	[1;2;3;6;4;1000;5;200;12;13;2000;22;4000;100;52]	[]	[]	[1;2]	[1;2;3]
Q7604	1	17902	Leonhard_Euler	180	0.3	4	[2;1;5;3;7;13;12;80;18;60]	[]	[2]	[2;1]	[2;1;5]
Q201732	2	39345	Robert_Graves	181	0.21363636363636362	4	[1;16;2;3;140]	[]	[]	[1]	[1;16;2;3;140]
Q2643	1	12731	George_Harrison	168	0.3	4	[1;2;3;4;9;10;8;12;100;5;11;15;20;25;33;40;58]	[]	[1]	[1;2]	[1;2]
Q39931	4	24546	Pierre-Auguste_Renoir	110	0.10909090909090909	4	[1;2;87]	[1]	[1]	[1]	[1;2;87]
Q22670	2	63742	Friedrich_Schiller	11	0.21363636363636362	4	[2;1]	[2]	[2;1]	[2;1]	[2;1]
Q39829	3	26954	Stephen_King	132	0.16818181818181818	4	[1;3;2;5;4;10000;9]	[]	[1]	[1]	[1;3]
Q47551	3	154239	Titian	149	0.16818181818181818	4	[1;2;3]	[]	[1;2]	[1;2]	[1;2;3]
Q40640	1	26181	Ray_Bradbury	128	0.3	4	[451;1;2;4;3;27;5;6;12;13;14;16;17;35]	[]	[]	[451]	[451;1]
Q40096	2	154698	Will_Smith	178	0.21363636363636362	4	[2;3;1;40;5;6;8]	[]	[]	[2;3]	[2;3;1;40]
Q742	1	52201	Jean_Racine	54	0.3	4	[1;2;3;5]	[1]	[1]	[1;2]	[1;2;3]
Q301	1	140639	El_Greco	173	0.3	4	[1;3;2;4;70;22;26]	[]	[1]	[1;3]	[1;3;2]
Q39803	2	163278	Mario_Vargas_Llosa	156	0.21363636363636362	4	[1;2;3]	[1]	[1;2]	[1;2]	[1;2;3]
Q9181	8	1436	Abraham	195	0.02727272727272727	4	[3;2;1;61;6;10;4;5;7]	[]	[]	[3;2]	[3;2;1]
Q20875	6	46721	Edward_VII	157	0.03636363636363636	4	[1;2;3;4;5]	[]	[1]	[1;2]	[1;2;3]
Q8016	5	33265	Winston_Churchill	8	0.05909090909090909	4	[1;2;3;4;5;11;7;8;10;90;33;1000;45]	[]	[1]	[1]	[1;2;3]
Q49074	2	16861	Kurt_Vonnegut	194	0.21363636363636362	4	[1;5;3;2;14]	[]	[1]	[1;5]	[1;5;3;2;14]
Q7346	1	53536	John_Coltrane	182	0.3	4	[1;2;5]	[1]	[1]	[1;2]	[1;2]
Q10390	4	43715	John_McCain	119	0.10909090909090909	4	[1;2;5;3;9;14;20;25;365;173]	[]	[1]	[1;2]	[1;2;5]
Q38337	2	157272	Alexandre_Dumas	137	0.21363636363636362	4	[4;3;1;40;100000;100;200]	[]	[]	[4;3]	[4;3;1;40]
Q76343	7	148301	Otto_von_Habsburg	193	0.00909090909090909	4	[1;3;40]	[]	[1]	[1;3;40]	[1;3;40]
Q4605	1	44608	Sarah_Bernhardt	146	0.3	4	[1;2;5;25]	[1]	[1]	[1;2]	[1;2;5]
Q228546	3	79500	Alphonse_Daudet	189	0.16818181818181818	4	[1;3]	[]	[1;3]	[1;3]	[1;3]
Q7374	1	808	Alfred_Hitchcock	196	0.3	4	[1;2;3;5;4;39;9]	[]	[1;2]	[1;2]	[1;2;3]
Q183713	3	57215	Th%C3%A9ophile_Gautier	134	0.16818181818181818	4	[1;2;3]	[]	[]	[1;2;3]	[1;2;3]
Q151509	45	184236	Ibn_Saud	199	0.004545454545454545	4	[2;45;1;10]	[]	[]	[2]	[2;45;1;10]
Q36661	2	14236	Henrik_Ibsen	43	0.21363636363636362	4	[1]	[1]	[1]	[1]	[1]
Q868	1	308	Aristotle	167	0.3	4	[1;2;3;4;6;17]	[1]	[1]	[1;2]	[1;2]
Q2105	3	39764	Jacques_Chirac	152	0.16818181818181818	4	[2;1;95;4590;7;72;88;30;747]	[]	[]	[2]	[2;1]
Q9957	41	163029	Hongwu_Emperor	176	0.004545454545454545	4	[1;10;2;5;1000]	[1]	[1]	[1]	[1]
Q40904	2	33130	Werner_Heisenberg	142	0.21363636363636362	4	[1;2;3;10;18]	[]	[1;2]	[1;2;3]	[1;2;3]
Q45909	1	170666	John_Cale	24	0.3	4	[2;1;3;5]	[]	[2;1]	[2;1]	[2;1]
Q43523	1	230776	Gerhart_Hauptmann	185	0.3	4	[1;3;93]	[]	[1;3;93]	[1;3;93]	[1;3;93]
